code,name
600051,综合行业
600209,综合行业
600212,综合行业
600256,综合行业
600576,综合行业
600603,综合行业
600614,综合行业
600620,综合行业
600622,综合行业
600624,综合行业
600647,综合行业
600656,综合行业
600687,综合行业
600701,综合行业
600730,综合行业
600770,综合行业
600777,综合行业
600800,综合行业
600805,综合行业
600811,综合行业
600832,综合行业
600846,综合行业
600892,综合行业
8,综合行业
301,综合行业
576,综合行业
632,综合行业
633,综合行业
652,综合行业
701,综合行业
839,综合行业
881,综合行业
909,综合行业
600003,公路桥梁
600012,公路桥梁
600020,公路桥梁
600033,公路桥梁
600035,公路桥梁
600106,公路桥梁
600269,公路桥梁
600350,公路桥梁
600368,公路桥梁
600377,公路桥梁
600548,公路桥梁
601107,公路桥梁
601188,公路桥梁
601518,公路桥梁
429,公路桥梁
548,公路桥梁
828,公路桥梁
886,公路桥梁
900,公路桥梁
916,公路桥梁
600061,化纤行业
600063,化纤行业
600527,化纤行业
600810,化纤行业
600889,化纤行业
601113,化纤行业
601233,化纤行业
420,化纤行业
584,化纤行业
615,化纤行业
677,化纤行业
687,化纤行业
703,化纤行业
782,化纤行业
936,化纤行业
949,化纤行业
976,化纤行业
2015,化纤行业
2064,化纤行业
2080,化纤行业
2172,化纤行业
2206,化纤行业
2254,化纤行业
2427,化纤行业
2493,化纤行业
300180,化纤行业
600031,机械行业
600114,机械行业
600149,机械行业
600169,机械行业
600218,机械行业
600243,机械行业
600262,机械行业
600320,机械行业
600346,机械行业
600388,机械行业
600421,机械行业
600435,机械行业
600475,机械行业
600499,机械行业
600520,机械行业
600526,机械行业
600579,机械行业
600582,机械行业
600592,机械行业
600619,机械行业
600710,机械行业
600761,机械行业
600765,机械行业
600806,机械行业
600815,机械行业
600841,机械行业
600855,机械行业
600860,机械行业
600984,机械行业
601002,机械行业
601038,机械行业
601100,机械行业
601106,机械行业
601177,机械行业
601218,机械行业
601226,机械行业
601268,机械行业
601369,机械行业
601608,机械行业
601717,机械行业
601798,机械行业
603011,机械行业
603012,机械行业
603088,机械行业
603169,机械行业
603308,机械行业
603315,机械行业
603318,机械行业
603338,机械行业
603355,机械行业
603698,机械行业
603699,机械行业
603789,机械行业
39,机械行业
157,机械行业
404,机械行业
410,机械行业
425,机械行业
519,机械行业
528,机械行业
530,机械行业
551,机械行业
570,机械行业
595,机械行业
617,机械行业
678,机械行业
680,机械行业
777,机械行业
811,机械行业
816,机械行业
821,机械行业
837,机械行业
852,机械行业
856,机械行业
880,机械行业
903,机械行业
923,机械行业
925,机械行业
2006,机械行业
2009,机械行业
2011,机械行业
2026,机械行业
2046,机械行业
2050,机械行业
2097,机械行业
2101,机械行业
2122,机械行业
2131,机械行业
2147,机械行业
2150,机械行业
2158,机械行业
2204,机械行业
2209,机械行业
2248,机械行业
2255,机械行业
2270,机械行业
2272,机械行业
2278,机械行业
2282,机械行业
2328,机械行业
2337,机械行业
2342,机械行业
2347,机械行业
2353,机械行业
2366,机械行业
2413,机械行业
2418,机械行业
2430,机械行业
2435,机械行业
2438,机械行业
2444,机械行业
2445,机械行业
2459,机械行业
2472,机械行业
2480,机械行业
2483,机械行业
2490,机械行业
2499,机械行业
2509,机械行业
2514,机械行业
2520,机械行业
2523,机械行业
2526,机械行业
2529,机械行业
2530,机械行业
2532,机械行业
2534,机械行业
2535,机械行业
2537,机械行业
2552,机械行业
2553,机械行业
2559,机械行业
2564,机械行业
2591,机械行业
2595,机械行业
2598,机械行业
2611,机械行业
2613,机械行业
2621,机械行业
2630,机械行业
2633,机械行业
2639,机械行业
2645,机械行业
2651,机械行业
2667,机械行业
2680,机械行业
2685,机械行业
2686,机械行业
2690,机械行业
2691,机械行业
2698,机械行业
2747,机械行业
300023,机械行业
300024,机械行业
300035,机械行业
300056,机械行业
300090,机械行业
300091,机械行业
300092,机械行业
300095,机械行业
300103,机械行业
300116,机械行业
300126,机械行业
300145,机械行业
300151,机械行业
300152,机械行业
300159,机械行业
300161,机械行业
300173,机械行业
300185,机械行业
300193,机械行业
300195,机械行业
300201,机械行业
300202,机械行业
300210,机械行业
300228,机械行业
300249,机械行业
300257,机械行业
300260,机械行业
300263,机械行业
300266,机械行业
300272,机械行业
300276,机械行业
300278,机械行业
300280,机械行业
300281,机械行业
300293,机械行业
300307,机械行业
300308,机械行业
300309,机械行业
300316,机械行业
300334,机械行业
300358,机械行业
300362,机械行业
300368,机械行业
300382,机械行业
300385,机械行业
300391,机械行业
300400,机械行业
300402,机械行业
300411,机械行业
300415,机械行业
300420,机械行业
300421,机械行业
300425,机械行业
300427,机械行业
300434,机械行业
300435,机械行业
300441,机械行业
300442,机械行业
300443,机械行业
600062,生物制药
600079,生物制药
600080,生物制药
600085,生物制药
600129,生物制药
600161,生物制药
600196,生物制药
600200,生物制药
600201,生物制药
600211,生物制药
600216,生物制药
600222,生物制药
600252,生物制药
600253,生物制药
600267,生物制药
600276,生物制药
600285,生物制药
600329,生物制药
600332,生物制药
600351,生物制药
600380,生物制药
600420,生物制药
600422,生物制药
600436,生物制药
600466,生物制药
600479,生物制药
600488,生物制药
600513,生物制药
600518,生物制药
600521,生物制药
600530,生物制药
600535,生物制药
600557,生物制药
600566,生物制药
600572,生物制药
600594,生物制药
600613,生物制药
600645,生物制药
600664,生物制药
600666,生物制药
600671,生物制药
600750,生物制药
600771,生物制药
600781,生物制药
600789,生物制药
600812,生物制药
600829,生物制药
600867,生物制药
600976,生物制药
600993,生物制药
603168,生物制药
603222,生物制药
603456,生物制药
603567,生物制药
603998,生物制药
4,生物制药
78,生物制药
153,生物制药
403,生物制药
423,生物制药
513,生物制药
518,生物制药
522,生物制药
538,生物制药
566,生物制药
590,生物制药
597,生物制药
606,生物制药
623,生物制药
650,生物制药
661,生物制药
739,生物制药
756,生物制药
766,生物制药
788,生物制药
790,生物制药
908,生物制药
915,生物制药
919,生物制药
952,生物制药
963,生物制药
989,生物制药
999,生物制药
2001,生物制药
2007,生物制药
2019,生物制药
2020,生物制药
2022,生物制药
2030,生物制药
2038,生物制药
2099,生物制药
2107,生物制药
2118,生物制药
2166,生物制药
2198,生物制药
2219,生物制药
2252,生物制药
2262,生物制药
2275,生物制药
2287,生物制药
2294,生物制药
2317,生物制药
2332,生物制药
2349,生物制药
2365,生物制药
2370,生物制药
2390,生物制药
2393,生物制药
2399,生物制药
2412,生物制药
2422,生物制药
2424,生物制药
2433,生物制药
2437,生物制药
2550,生物制药
2566,生物制药
2603,生物制药
2644,生物制药
2653,生物制药
2675,生物制药
2688,生物制药
2693,生物制药
2727,生物制药
2728,生物制药
2737,生物制药
2750,生物制药
300006,生物制药
300009,生物制药
300016,生物制药
300026,生物制药
300039,生物制药
300049,生物制药
300086,生物制药
300110,生物制药
300119,生物制药
300122,生物制药
300142,生物制药
300147,生物制药
300158,生物制药
300181,生物制药
300194,生物制药
300199,生物制药
300204,生物制药
300233,生物制药
300239,生物制药
300254,生物制药
300255,生物制药
300267,生物制药
300289,生物制药
300294,生物制药
300357,生物制药
300363,生物制药
300406,生物制药
300436,生物制药
300439,生物制药
600002,石油行业
600028,石油行业
600387,石油行业
600583,石油行业
600688,石油行业
600759,石油行业
600871,石油行业
601808,石油行业
601857,石油行业
603003,石油行业
59,石油行业
96,石油行业
159,石油行业
554,石油行业
637,石油行业
819,石油行业
2207,石油行业
2221,石油行业
2554,石油行业
2629,石油行业
300084,石油行业
300157,石油行业
300164,石油行业
300191,石油行业
600176,玻璃行业
600184,玻璃行业
600293,玻璃行业
600529,玻璃行业
600552,玻璃行业
600586,玻璃行业
600629,玻璃行业
600819,玻璃行业
600876,玻璃行业
601636,玻璃行业
603021,玻璃行业
603601,玻璃行业
12,玻璃行业
2571,玻璃行业
2623,玻璃行业
300093,玻璃行业
300160,玻璃行业
300196,玻璃行业
300395,玻璃行业
600366,仪器仪表
600651,仪器仪表
600848,仪器仪表
601222,仪器仪表
601567,仪器仪表
603100,仪器仪表
676,仪器仪表
980,仪器仪表
988,仪器仪表
2008,仪器仪表
2058,仪器仪表
2121,仪器仪表
2175,仪器仪表
2197,仪器仪表
2214,仪器仪表
2236,仪器仪表
2338,仪器仪表
2356,仪器仪表
2414,仪器仪表
2415,仪器仪表
2518,仪器仪表
2527,仪器仪表
2658,仪器仪表
300007,仪器仪表
300012,仪器仪表
300066,仪器仪表
300097,仪器仪表
300099,仪器仪表
300105,仪器仪表
300112,仪器仪表
300124,仪器仪表
300137,仪器仪表
300165,仪器仪表
300203,仪器仪表
300259,仪器仪表
300286,仪器仪表
300306,仪器仪表
300338,仪器仪表
300349,仪器仪表
300354,仪器仪表
300360,仪器仪表
300370,仪器仪表
300371,仪器仪表
300410,仪器仪表
300416,仪器仪表
300417,仪器仪表
300430,仪器仪表
300445,仪器仪表
600004,交通运输
600009,交通运输
600017,交通运输
600018,交通运输
600026,交通运输
600029,交通运输
600057,交通运输
600087,交通运输
600115,交通运输
600119,交通运输
600125,交通运输
600180,交通运输
600190,交通运输
600221,交通运输
600242,交通运输
600270,交通运输
600279,交通运输
600317,交通运输
600386,交通运输
600428,交通运输
600495,交通运输
600561,交通运输
600575,交通运输
600611,交通运输
600650,交通运输
600662,交通运输
600692,交通运输
600708,交通运输
600717,交通运输
600751,交通运输
600787,交通运输
600794,交通运输
600798,交通运输
600834,交通运输
600835,交通运输
600894,交通运输
600896,交通运输
600897,交通运输
600967,交通运输
601000,交通运输
601006,交通运输
601008,交通运输
601018,交通运输
601021,交通运输
601111,交通运输
601299,交通运输
601313,交通运输
601333,交通运输
601766,交通运输
601866,交通运输
601872,交通运输
601880,交通运输
601919,交通运输
603111,交通运输
603128,交通运输
603167,交通运输
603611,交通运输
22,交通运输
88,交通运输
89,交通运输
99,交通运输
421,交通运输
507,交通运输
520,交通运输
582,交通运输
594,交通运输
905,交通运输
920,交通运输
996,交通运输
2040,交通运输
2183,交通运输
2210,交通运输
2245,交通运输
2320,交通运输
2357,交通运输
2367,交通运输
2448,交通运输
2492,交通运输
2592,交通运输
2627,交通运输
2682,交通运输
2689,交通运输
2711,交通运输
300011,交通运输
300013,交通运输
300240,交通运输
300350,交通运输
600038,飞机制造
600118,飞机制造
600316,飞机制造
600343,飞机制造
600372,飞机制造
600391,飞机制造
600879,飞机制造
600893,飞机制造
738,飞机制造
768,飞机制造
901,飞机制造
2023,飞机制造
2111,飞机制造
300424,飞机制造
600097,农林牧渔
600108,农林牧渔
600127,农林牧渔
600189,农林牧渔
600195,农林牧渔
600251,农林牧渔
600257,农林牧渔
600265,农林牧渔
600275,农林牧渔
600313,农林牧渔
600354,农林牧渔
600359,农林牧渔
600371,农林牧渔
600438,农林牧渔
600467,农林牧渔
600506,农林牧渔
600540,农林牧渔
600598,农林牧渔
600965,农林牧渔
600975,农林牧渔
601996,农林牧渔
603609,农林牧渔
48,农林牧渔
61,农林牧渔
592,农林牧渔
663,农林牧渔
702,农林牧渔
713,农林牧渔
735,农林牧渔
798,农林牧渔
876,农林牧渔
998,农林牧渔
2041,农林牧渔
2069,农林牧渔
2086,农林牧渔
2100,农林牧渔
2124,农林牧渔
2157,农林牧渔
2173,农林牧渔
2234,农林牧渔
2299,农林牧渔
2311,农林牧渔
2321,农林牧渔
2385,农林牧渔
2447,农林牧渔
2458,农林牧渔
2477,农林牧渔
2505,农林牧渔
2548,农林牧渔
2567,农林牧渔
2679,农林牧渔
2696,农林牧渔
2714,农林牧渔
2746,农林牧渔
300021,农林牧渔
300087,农林牧渔
300094,农林牧渔
300106,农林牧渔
300143,农林牧渔
300186,农林牧渔
300189,农林牧渔
300268,农林牧渔
300313,农林牧渔
300381,农林牧渔
600039,建筑建材
600068,建筑建材
600170,建筑建材
600248,建筑建材
600263,建筑建材
600284,建筑建材
600321,建筑建材
600326,建筑建材
600491,建筑建材
600502,建筑建材
600512,建筑建材
600528,建筑建材
600545,建筑建材
600634,建筑建材
600681,建筑建材
600820,建筑建材
600853,建筑建材
600970,建筑建材
600986,建筑建材
601117,建筑建材
601186,建筑建材
601390,建筑建材
601618,建筑建材
601668,建筑建材
601669,建筑建材
601789,建筑建材
601800,建筑建材
601886,建筑建材
603017,建筑建材
603018,建筑建材
603030,建筑建材
603828,建筑建材
603969,建筑建材
10,建筑建材
23,建筑建材
55,建筑建材
65,建筑建材
90,建筑建材
498,建筑建材
509,建筑建材
619,建筑建材
786,建筑建材
928,建筑建材
961,建筑建材
2043,建筑建材
2047,建筑建材
2051,建筑建材
2060,建筑建材
2062,建筑建材
2066,建筑建材
2081,建筑建材
2116,建筑建材
2135,建筑建材
2140,建筑建材
2163,建筑建材
2178,建筑建材
2205,建筑建材
2225,建筑建材
2247,建筑建材
2271,建筑建材
2307,建筑建材
2310,建筑建材
2314,建筑建材
2325,建筑建材
2372,建筑建材
2375,建筑建材
2392,建筑建材
2398,建筑建材
2431,建筑建材
2468,建筑建材
2469,建筑建材
2482,建筑建材
2542,建筑建材
2586,建筑建材
2596,建筑建材
2620,建筑建材
2628,建筑建材
2652,建筑建材
2659,建筑建材
2663,建筑建材
2671,建筑建材
2713,建筑建材
2717,建筑建材
2738,建筑建材
2742,建筑建材
300080,建筑建材
300117,建筑建材
300163,建筑建材
300284,建筑建材
300344,建筑建材
300374,建筑建材
600143,塑料制品
600146,塑料制品
600444,塑料制品
600458,塑料制品
600589,塑料制品
603806,塑料制品
407,塑料制品
859,塑料制品
973,塑料制品
2002,塑料制品
2108,塑料制品
2243,塑料制品
2263,塑料制品
2324,塑料制品
2343,塑料制品
2420,塑料制品
2457,塑料制品
2464,塑料制品
2522,塑料制品
2585,塑料制品
2641,塑料制品
2676,塑料制品
2694,塑料制品
2735,塑料制品
300169,塑料制品
300198,塑料制品
300218,塑料制品
300221,塑料制品
300230,塑料制品
300305,塑料制品
300321,塑料制品
300325,塑料制品
300393,塑料制品
600056,商业百货
600122,商业百货
600136,商业百货
600280,商业百货
600306,商业百货
600327,商业百货
600361,商业百货
600415,商业百货
600511,商业百货
600515,商业百货
600628,商业百货
600631,商业百货
600655,商业百货
600682,商业百货
600693,商业百货
600694,商业百货
600697,商业百货
600712,商业百货
600713,商业百货
600723,商业百货
600729,商业百货
600738,商业百货
600753,商业百货
600774,商业百货
600778,商业百货
600785,商业百货
600790,商业百货
600814,商业百货
600821,商业百货
600824,商业百货
600827,商业百货
600828,商业百货
600833,商业百货
600838,商业百货
600856,商业百货
600857,商业百货
600858,商业百货
600859,商业百货
600861,商业百货
600865,商业百货
600891,商业百货
600898,商业百货
600998,商业百货
601010,商业百货
601116,商业百货
601607,商业百货
601933,商业百货
603123,商业百货
603368,商业百货
603883,商业百货
603939,商业百货
26,商业百货
28,商业百货
62,商业百货
408,商业百货
411,商业百货
416,商业百货
417,商业百货
419,商业百货
501,商业百货
516,商业百货
560,商业百货
564,商业百货
587,商业百货
591,商业百货
638,商业百货
679,商业百货
705,商业百货
715,商业百货
759,商业百货
785,商业百货
829,商业百货
882,商业百货
889,商业百货
906,商业百货
987,商业百货
2024,商业百货
2187,商业百货
2251,商业百货
2264,商业百货
2277,商业百货
2336,商业百货
2344,商业百货
2416,商业百货
2419,商业百货
2441,商业百货
2462,商业百货
2556,商业百货
2561,商业百货
2589,商业百货
2697,商业百货
300022,商业百货
300413,商业百货
600070,纺织行业
600152,纺织行业
600156,纺织行业
600220,纺织行业
600232,纺织行业
600370,纺织行业
600448,纺织行业
600493,纺织行业
600626,纺织行业
600630,纺织行业
600689,纺织行业
600735,纺织行业
600851,纺织行业
600987,纺织行业
601339,纺织行业
601599,纺织行业
603558,纺织行业
603889,纺织行业
18,纺织行业
45,纺织行业
158,纺织行业
611,纺织行业
726,纺织行业
779,纺织行业
803,纺织行业
813,纺织行业
850,纺织行业
955,纺织行业
971,纺织行业
982,纺织行业
2034,纺织行业
2042,纺织行业
2070,纺织行业
2072,纺织行业
2083,纺织行业
2087,纺织行业
2127,纺织行业
2144,纺织行业
2193,纺织行业
2394,纺织行业
2404,纺织行业
2516,纺织行业
600055,医疗器械
600297,医疗器械
600587,医疗器械
600763,医疗器械
603309,医疗器械
150,医疗器械
2223,医疗器械
2382,医疗器械
2432,医疗器械
2551,医疗器械
2614,医疗器械
300003,医疗器械
300015,医疗器械
300030,医疗器械
300061,医疗器械
300171,医疗器械
300206,医疗器械
300216,医疗器械
300238,医疗器械
300244,医疗器械
300246,医疗器械
300247,医疗器械
300273,医疗器械
300298,医疗器械
300314,医疗器械
300318,医疗器械
300326,医疗器械
300347,医疗器械
300396,医疗器械
300404,医疗器械
300412,医疗器械
600111,有色金属
600139,有色金属
600205,有色金属
600219,有色金属
600255,有色金属
600259,有色金属
600296,有色金属
600311,有色金属
600331,有色金属
600338,有色金属
600362,有色金属
600390,有色金属
600432,有色金属
600456,有色金属
600459,有色金属
600489,有色金属
600497,有色金属
600531,有色金属
600547,有色金属
600549,有色金属
600595,有色金属
600673,有色金属
600711,有色金属
600714,有色金属
600768,有色金属
600888,有色金属
600961,有色金属
601137,有色金属
601168,有色金属
601600,有色金属
601677,有色金属
601899,有色金属
601958,有色金属
60,有色金属
426,有色金属
587,有色金属
602,有色金属
603,有色金属
612,有色金属
630,有色金属
657,有色金属
697,有色金属
751,有色金属
758,有色金属
762,有色金属
807,有色金属
831,有色金属
878,有色金属
960,有色金属
962,有色金属
2082,有色金属
2114,有色金属
2149,有色金属
2155,有色金属
2160,有色金属
2167,有色金属
2171,有色金属
2182,有色金属
2203,有色金属
2237,有色金属
2295,有色金属
2333,有色金属
2340,有色金属
2378,有色金属
2379,有色金属
2428,有色金属
2460,有色金属
2501,有色金属
2540,有色金属
2578,有色金属
2617,有色金属
300034,有色金属
600167,供水供气
600168,供水供气
600187,供水供气
600283,供水供气
600323,供水供气
600333,供水供气
600461,供水供气
600617,供水供气
600635,供水供气
600649,供水供气
600719,供水供气
600758,供水供气
600917,供水供气
600982,供水供气
601139,供水供气
601158,供水供气
601199,供水供气
593,供水供气
605,供水供气
669,供水供气
685,供水供气
692,供水供气
695,供水供气
2267,供水供气
2700,供水供气
600089,发电设备
600192,发电设备
600268,发电设备
600290,发电设备
600312,发电设备
600416,发电设备
600517,发电设备
600525,发电设备
600550,发电设备
600580,发电设备
600590,发电设备
600875,发电设备
600973,发电设备
601126,发电设备
601179,发电设备
601558,发电设备
601700,发电设备
601727,发电设备
601877,发电设备
603333,发电设备
603618,发电设备
400,发电设备
585,发电设备
682,发电设备
806,发电设备
967,发电设备
2028,发电设备
2074,发电设备
2112,发电设备
2123,发电设备
2130,发电设备
2168,发电设备
2169,发电设备
2202,发电设备
2212,发电设备
2227,发电设备
2276,发电设备
2300,发电设备
2323,发电设备
2350,发电设备
2358,发电设备
2451,发电设备
2471,发电设备
2498,发电设备
2531,发电设备
2533,发电设备
2560,发电设备
2622,发电设备
2660,发电设备
300001,发电设备
300004,发电设备
300018,发电设备
300040,发电设备
300048,发电设备
300062,发电设备
300069,发电设备
300120,发电设备
300125,发电设备
300129,发电设备
300141,发电设备
300153,发电设备
300208,发电设备
300341,发电设备
300372,发电设备
300444,发电设备
600069,造纸行业
600103,造纸行业
600163,造纸行业
600235,造纸行业
600308,造纸行业
600356,造纸行业
600433,造纸行业
600462,造纸行业
600567,造纸行业
600793,造纸行业
600963,造纸行业
600966,造纸行业
488,造纸行业
815,造纸行业
820,造纸行业
833,造纸行业
2012,造纸行业
2067,造纸行业
2078,造纸行业
2235,造纸行业
2303,造纸行业
2511,造纸行业
2521,造纸行业
2565,造纸行业
600072,船舶制造
600150,船舶制造
600685,船舶制造
601890,船舶制造
601989,船舶制造
2608,船舶制造
300008,船舶制造
300123,船舶制造
600121,煤炭行业
600123,煤炭行业
600157,煤炭行业
600179,煤炭行业
600188,煤炭行业
600348,煤炭行业
600381,煤炭行业
600395,煤炭行业
600397,煤炭行业
600403,煤炭行业
600408,煤炭行业
600508,煤炭行业
600546,煤炭行业
600652,煤炭行业
600714,煤炭行业
600721,煤炭行业
600725,煤炭行业
600740,煤炭行业
600792,煤炭行业
600971,煤炭行业
600997,煤炭行业
601001,煤炭行业
601011,煤炭行业
601015,煤炭行业
601088,煤炭行业
601101,煤炭行业
601225,煤炭行业
601666,煤炭行业
601699,煤炭行业
601898,煤炭行业
601918,煤炭行业
34,煤炭行业
552,煤炭行业
571,煤炭行业
723,煤炭行业
780,煤炭行业
933,煤炭行业
937,煤炭行业
968,煤炭行业
983,煤炭行业
2128,煤炭行业
600073,食品行业
600186,食品行业
600191,食品行业
600260,食品行业
600298,食品行业
600300,食品行业
600305,食品行业
600419,食品行业
600429,食品行业
600597,食品行业
600695,食品行业
600737,食品行业
600866,食品行业
600872,食品行业
600873,食品行业
600887,食品行业
600962,食品行业
603020,食品行业
603288,食品行业
19,食品行业
529,食品行业
639,食品行业
716,食品行业
796,食品行业
848,食品行业
893,食品行业
895,食品行业
911,食品行业
930,食品行业
972,食品行业
2216,食品行业
2220,食品行业
2286,食品行业
2329,食品行业
2330,食品行业
2387,食品行业
2481,食品行业
2495,食品行业
2507,食品行业
2515,食品行业
2557,食品行业
2568,食品行业
2570,食品行业
2582,食品行业
2604,食品行业
2626,食品行业
2650,食品行业
2661,食品行业
2695,食品行业
2702,食品行业
2719,食品行业
2726,食品行业
2732,食品行业
300138,食品行业
300146,食品行业
300149,食品行业
300175,食品行业
300401,食品行业
600145,陶瓷行业
600286,陶瓷行业
603268,陶瓷行业
2102,陶瓷行业
2162,陶瓷行业
300089,陶瓷行业
300234,陶瓷行业
300409,陶瓷行业
600302,纺织机械
600610,纺织机械
600843,纺织机械
666,纺织机械
2021,纺织机械
2196,纺织机械
2722,纺织机械
300384,纺织机械
600001,钢铁行业
600005,钢铁行业
600010,钢铁行业
600019,钢铁行业
600022,钢铁行业
600102,钢铁行业
600117,钢铁行业
600126,钢铁行业
600165,钢铁行业
600193,钢铁行业
600231,钢铁行业
600282,钢铁行业
600307,钢铁行业
600357,钢铁行业
600399,钢铁行业
600477,钢铁行业
600496,钢铁行业
600507,钢铁行业
600532,钢铁行业
600558,钢铁行业
600569,钢铁行业
600581,钢铁行业
600782,钢铁行业
600784,钢铁行业
600808,钢铁行业
600882,钢铁行业
600992,钢铁行业
601003,钢铁行业
601005,钢铁行业
601028,钢铁行业
601969,钢铁行业
409,钢铁行业
629,钢铁行业
655,钢铁行业
708,钢铁行业
709,钢铁行业
717,钢铁行业
761,钢铁行业
778,钢铁行业
825,钢铁行业
890,钢铁行业
898,钢铁行业
932,钢铁行业
959,钢铁行业
969,钢铁行业
2075,钢铁行业
2110,钢铁行业
2132,钢铁行业
2318,钢铁行业
2359,钢铁行业
2423,钢铁行业
2443,钢铁行业
2478,钢铁行业
2487,钢铁行业
2524,钢铁行业
2541,钢铁行业
2545,钢铁行业
2615,钢铁行业
2743,钢铁行业
300345,钢铁行业
600008,环保行业
600292,环保行业
600874,环保行业
603126,环保行业
603588,环保行业
603686,环保行业
544,环保行业
598,环保行业
826,环保行业
2200,环保行业
2549,环保行业
2573,环保行业
2616,环保行业
2672,环保行业
300055,环保行业
300070,环保行业
300156,环保行业
300172,环保行业
300187,环保行业
300190,环保行业
300197,环保行业
300262,环保行业
300332,环保行业
300335,环保行业
300355,环保行业
300388,环保行业
300422,环保行业
600059,酿酒行业
600084,酿酒行业
600090,酿酒行业
600132,酿酒行业
600197,酿酒行业
600199,酿酒行业
600238,酿酒行业
600365,酿酒行业
600519,酿酒行业
600543,酿酒行业
600559,酿酒行业
600573,酿酒行业
600600,酿酒行业
600616,酿酒行业
600702,酿酒行业
600779,酿酒行业
600809,酿酒行业
601579,酿酒行业
603369,酿酒行业
557,酿酒行业
568,酿酒行业
596,酿酒行业
729,酿酒行业
752,酿酒行业
799,酿酒行业
858,酿酒行业
860,酿酒行业
869,酿酒行业
929,酿酒行业
995,酿酒行业
2304,酿酒行业
2461,酿酒行业
2646,酿酒行业
600025,次新股
600933,次新股
601019,次新股
603076,次新股
603080,次新股
603083,次新股
603161,次新股
603278,次新股
603283,次新股
603329,次新股
603365,次新股
603477,次新股
603605,次新股
603619,次新股
603655,次新股
603661,次新股
603685,次新股
603711,次新股
603809,次新股
603848,次新股
603890,次新股
603916,次新股
603917,次新股
603970,次新股
1965,次新股
2864,次新股
2911,次新股
2912,次新股
2913,次新股
2915,次新股
2916,次新股
2917,次新股
2918,次新股
2919,次新股
2920,次新股
2921,次新股
2922,次新股
2923,次新股
300664,次新股
300684,次新股
300721,次新股
300722,次新股
300723,次新股
300725,次新股
300726,次新股
300727,次新股
300729,次新股
300730,次新股
300731,次新股
300732,次新股
300735,次新股
300736,次新股
600112,电器行业
600202,电器行业
600379,电器行业
600405,电器行业
600468,电器行业
600482,电器行业
600560,电器行业
600577,电器行业
600847,电器行业
600885,电器行业
601311,电器行业
601616,电器行业
603015,电器行业
603606,电器行业
603703,电器行业
603988,电器行业
49,电器行业
922,电器行业
2164,电器行业
2176,电器行业
2249,电器行业
2266,电器行业
2298,电器行业
2309,电器行业
2322,电器行业
2334,电器行业
2335,电器行业
2339,电器行业
2364,电器行业
2380,电器行业
2452,电器行业
2546,电器行业
2576,电器行业
2580,电器行业
2606,电器行业
2617,电器行业
2647,电器行业
2664,电器行业
2665,电器行业
2670,电器行业
2684,电器行业
2706,电器行业
2730,电器行业
2733,电器行业
300068,电器行业
300140,电器行业
300217,电器行业
300222,电器行业
300252,电器行业
300265,电器行业
300274,电器行业
300283,电器行业
300356,电器行业
300376,电器行业
300403,电器行业
300407,电器行业
300438,电器行业
300447,电器行业
600037,传媒娱乐
600088,传媒娱乐
600234,传媒娱乐
600373,传媒娱乐
600551,传媒娱乐
600633,传媒娱乐
600637,传媒娱乐
600757,传媒娱乐
600825,传媒娱乐
600831,传媒娱乐
600959,传媒娱乐
601098,传媒娱乐
601801,传媒娱乐
601928,传媒娱乐
601929,传媒娱乐
601999,传媒娱乐
156,传媒娱乐
504,传媒娱乐
607,传媒娱乐
665,传媒娱乐
719,传媒娱乐
793,传媒娱乐
835,传媒娱乐
917,传媒娱乐
2071,传媒娱乐
2143,传媒娱乐
2181,传媒娱乐
2238,传媒娱乐
2292,传媒娱乐
2624,传媒娱乐
2712,传媒娱乐
2739,传媒娱乐
300027,传媒娱乐
300133,传媒娱乐
300148,传媒娱乐
300251,传媒娱乐
300291,传媒娱乐
300336,传媒娱乐
300364,传媒娱乐
300426,传媒娱乐
600075,化工行业
600078,化工行业
600091,化工行业
600135,化工行业
600141,化工行业
600155,化工行业
600160,化工行业
600228,化工行业
600229,化工行业
600249,化工行业
600273,化工行业
600277,化工行业
600281,化工行业
600299,化工行业
600301,化工行业
600309,化工行业
600315,化工行业
600319,化工行业
600328,化工行业
600339,化工行业
600352,化工行业
600367,化工行业
600378,化工行业
600409,化工行业
600481,化工行业
600490,化工行业
600599,化工行业
600618,化工行业
600636,化工行业
600722,化工行业
600746,化工行业
600844,化工行业
600985,化工行业
601118,化工行业
601208,化工行业
601216,化工行业
601678,化工行业
603002,化工行业
603010,化工行业
603077,化工行业
603188,化工行业
510,化工行业
523,化工行业
545,化工行业
565,化工行业
627,化工行业
635,化工行业
662,化工行业
683,化工行业
698,化工行业
707,化工行业
737,化工行业
755,化工行业
818,化工行业
822,化工行业
887,化工行业
985,化工行业
990,化工行业
2010,化工行业
2014,化工行业
2037,化工行业
2053,化工行业
2054,化工行业
2061,化工行业
2068,化工行业
2092,化工行业
2094,化工行业
2096,化工行业
2109,化工行业
2125,化工行业
2136,化工行业
2145,化工行业
2165,化工行业
2192,化工行业
2201,化工行业
2211,化工行业
2217,化工行业
2224,化工行业
2226,化工行业
2246,化工行业
2250,化工行业
2256,化工行业
2319,化工行业
2326,化工行业
2341,化工行业
2360,化工行业
2361,化工行业
2377,化工行业
2381,化工行业
2386,化工行业
2395,化工行业
2407,化工行业
2408,化工行业
2409,化工行业
2411,化工行业
2440,化工行业
2442,化工行业
2450,化工行业
2453,化工行业
2455,化工行业
2466,化工行业
2476,化工行业
2497,化工行业
2562,化工行业
2581,化工行业
2584,化工行业
2597,化工行业
2601,化工行业
2632,化工行业
2637,化工行业
2643,化工行业
2648,化工行业
2666,化工行业
2669,化工行业
2683,化工行业
2709,化工行业
2741,化工行业
2748,化工行业
300019,化工行业
300031,化工行业
300037,化工行业
300041,化工行业
300054,化工行业
300063,化工行业
300067,化工行业
300072,化工行业
300082,化工行业
300107,化工行业
300108,化工行业
300109,化工行业
300121,化工行业
300132,化工行业
300135,化工行业
300174,化工行业
300192,化工行业
300200,化工行业
300214,化工行业
300225,化工行业
300236,化工行业
300237,化工行业
300243,化工行业
300285,化工行业
300320,化工行业
300343,化工行业
300387,化工行业
300398,化工行业
300405,化工行业
300429,化工行业
300437,化工行业
300446,化工行业
600048,房地产
600052,房地产
600053,房地产
600067,房地产
600077,房地产
600082,房地产
600094,房地产
600095,房地产
600113,房地产
600133,房地产
600159,房地产
600162,房地产
600173,房地产
600175,房地产
600185,房地产
600208,房地产
600223,房地产
600225,房地产
600239,房地产
600240,房地产
600246,房地产
600266,房地产
600322,房地产
600325,房地产
600340,房地产
600376,房地产
600383,房地产
600393,房地产
600463,房地产
600503,房地产
600510,房地产
600533,房地产
600565,房地产
600568,房地产
600606,房地产
600615,房地产
600621,房地产
600638,房地产
600641,房地产
600657,房地产
600663,房地产
600665,房地产
600675,房地产
600683,房地产
600684,房地产
600696,房地产
600716,房地产
600724,房地产
600732,房地产
600733,房地产
600743,房地产
600745,房地产
600748,房地产
600767,房地产
600773,房地产
600791,房地产
600807,房地产
600823,房地产
600862,房地产
600890,房地产
601588,房地产
2,房地产
5,房地产
6,房地产
9,房地产
11,房地产
14,房地产
24,房地产
29,房地产
31,房地产
36,房地产
38,房地产
40,房地产
42,房地产
43,房地产
46,房地产
56,房地产
402,房地产
502,房地产
505,房地产
506,房地产
514,房地产
517,房地产
526,房地产
534,房地产
537,房地产
540,房地产
558,房地产
567,房地产
573,房地产
608,房地产
609,房地产
616,房地产
620,房地产
631,房地产
656,房地产
667,房地产
668,房地产
671,房地产
691,房地产
718,房地产
732,房地产
736,房地产
797,房地产
809,房地产
838,房地产
861,房地产
863,房地产
897,房地产
918,房地产
926,房地产
931,房地产
965,房地产
979,房地产
981,房地产
2016,房地产
2077,房地产
2133,房地产
2146,房地产
2208,房地产
2244,房地产
2285,房地产
2305,房地产
600000,金融行业
600015,金融行业
600016,金融行业
600030,金融行业
600036,金融行业
600109,金融行业
600291,金融行业
600369,金融行业
600643,金融行业
600705,金融行业
600816,金融行业
600830,金融行业
600837,金融行业
600958,金融行业
600999,金融行业
601009,金融行业
601099,金融行业
601166,金融行业
601169,金融行业
601198,金融行业
601288,金融行业
601318,金融行业
601328,金融行业
601336,金融行业
601377,金融行业
601398,金融行业
601555,金融行业
601601,金融行业
601628,金融行业
601688,金融行业
601788,金融行业
601818,金融行业
601901,金融行业
601939,金融行业
601988,金融行业
601998,金融行业
1,金融行业
166,金融行业
415,金融行业
562,金融行业
563,金融行业
686,金融行业
712,金融行业
728,金融行业
750,金融行业
776,金融行业
783,金融行业
2142,金融行业
2500,金融行业
2673,金融行业
2736,金融行业
600065,其它行业
600092,其它行业
600172,其它行业
600516,其它行业
600607,其它行业
600625,其它行业
600670,其它行业
600700,其它行业
600709,其它行业
600752,其它行业
600783,其它行业
600788,其它行业
600813,其它行业
600849,其它行业
600852,其它行业
600899,其它行业
603022,其它行业
603023,其它行业
603026,其它行业
603108,其它行业
603116,其它行业
603198,其它行业
603227,其它行业
603300,其它行业
603311,其它行业
603566,其它行业
603568,其它行业
603598,其它行业
603669,其它行业
603688,其它行业
603718,其它行业
603885,其它行业
603901,其它行业
603918,其它行业
603968,其它行业
603989,其它行业
900901,其它行业
900902,其它行业
900903,其它行业
900904,其它行业
900905,其它行业
900906,其它行业
900907,其它行业
900908,其它行业
900909,其它行业
900910,其它行业
900911,其它行业
900912,其它行业
900913,其它行业
900914,其它行业
900915,其它行业
900916,其它行业
900917,其它行业
900918,其它行业
900919,其它行业
900920,其它行业
900921,其它行业
900922,其它行业
900923,其它行业
900924,其它行业
900925,其它行业
900926,其它行业
900927,其它行业
900928,其它行业
900929,其它行业
900930,其它行业
900932,其它行业
900933,其它行业
900934,其它行业
900935,其它行业
900936,其它行业
900937,其它行业
900938,其它行业
900939,其它行业
900940,其它行业
900941,其它行业
900942,其它行业
900943,其它行业
900945,其它行业
900946,其它行业
900947,其它行业
900948,其它行业
900951,其它行业
900952,其它行业
900953,其它行业
900955,其它行业
900956,其它行业
900957,其它行业
3,其它行业
13,其它行业
15,其它行业
47,其它行业
405,其它行业
511,其它行业
556,其它行业
583,其它行业
658,其它行业
660,其它行业
675,其它行业
689,其它行业
765,其它行业
795,其它行业
832,其它行业
2088,其它行业
2297,其它行业
2352,其它行业
2710,其它行业
2753,其它行业
2755,其它行业
2756,其它行业
2757,其它行业
2758,其它行业
2759,其它行业
200011,其它行业
200012,其它行业
200016,其它行业
200017,其它行业
200018,其它行业
200019,其它行业
200020,其它行业
200022,其它行业
200025,其它行业
200026,其它行业
200028,其它行业
200029,其它行业
200030,其它行业
200037,其它行业
200045,其它行业
200053,其它行业
200054,其它行业
200055,其它行业
200056,其它行业
200058,其它行业
200152,其它行业
200160,其它行业
200168,其它行业
200413,其它行业
200418,其它行业
200429,其它行业
200468,其它行业
200488,其它行业
200505,其它行业
200512,其它行业
200521,其它行业
200530,其它行业
200539,其它行业
200541,其它行业
200550,其它行业
200553,其它行业
200570,其它行业
200581,其它行业
200596,其它行业
200613,其它行业
200625,其它行业
200706,其它行业
200725,其它行业
200726,其它行业
200761,其它行业
200771,其它行业
200869,其它行业
200986,其它行业
200992,其它行业
300064,其它行业
300073,其它行业
300179,其它行业
300361,其它行业
300450,其它行业
300451,其它行业
300452,其它行业
300453,其它行业
300455,其它行业
300456,其它行业
300457,其它行业
300458,其它行业
300459,其它行业
300460,其它行业
300461,其它行业
300462,其它行业
300463,其它行业
300465,其它行业
300466,其它行业
300467,其它行业
300468,其它行业
600007,开发区
600064,开发区
600215,开发区
600604,开发区
600639,开发区
600648,开发区
600658,开发区
600736,开发区
600895,开发区
628,开发区
600050,电子信息
600074,电子信息
600076,电子信息
600100,电子信息
600105,电子信息
600130,电子信息
600198,电子信息
600271,电子信息
600288,电子信息
600289,电子信息
600330,电子信息
600345,电子信息
600406,电子信息
600410,电子信息
600446,电子信息
600455,电子信息
600476,电子信息
600485,电子信息
600487,电子信息
600498,电子信息
600522,电子信息
600536,电子信息
600556,电子信息
600562,电子信息
600570,电子信息
600571,电子信息
600588,电子信息
600601,电子信息
600608,电子信息
600654,电子信息
600677,电子信息
600680,电子信息
600718,电子信息
600728,电子信息
600734,电子信息
600756,电子信息
600764,电子信息
600775,电子信息
600776,电子信息
600797,电子信息
600804,电子信息
600845,电子信息
600850,电子信息
600990,电子信息
601519,电子信息
603000,电子信息
603019,电子信息
603025,电子信息
603636,电子信息
21,电子信息
32,电子信息
35,电子信息
63,电子信息
66,电子信息
70,电子信息
503,电子信息
532,电子信息
547,电子信息
555,电子信息
561,电子信息
586,电子信息
681,电子信息
711,电子信息
748,电子信息
787,电子信息
801,电子信息
805,电子信息
836,电子信息
851,电子信息
892,电子信息
938,电子信息
948,电子信息
970,电子信息
977,电子信息
997,电子信息
2017,电子信息
2027,电子信息
2052,电子信息
2063,电子信息
2065,电子信息
2073,电子信息
2089,电子信息
2090,电子信息
2093,电子信息
2095,电子信息
2115,电子信息
2148,电子信息
2151,电子信息
2152,电子信息
2153,电子信息
2161,电子信息
2174,电子信息
2177,电子信息
2180,电子信息
2184,电子信息
2194,电子信息
2195,电子信息
2230,电子信息
2231,电子信息
2232,电子信息
2253,电子信息
2261,电子信息
2268,电子信息
2279,电子信息
2280,电子信息
2281,电子信息
2296,电子信息
2308,电子信息
2312,电子信息
2313,电子信息
2315,电子信息
2316,电子信息
2331,电子信息
2351,电子信息
2354,电子信息
2362,电子信息
2368,电子信息
2369,电子信息
2373,电子信息
2376,电子信息
2383,电子信息
2384,电子信息
2396,电子信息
2401,电子信息
2405,电子信息
2410,电子信息
2417,电子信息
2421,电子信息
2439,电子信息
2446,电子信息
2465,电子信息
2467,电子信息
2474,电子信息
2491,电子信息
2519,电子信息
2528,电子信息
2544,电子信息
2547,电子信息
2577,电子信息
2583,电子信息
2609,电子信息
2635,电子信息
2642,电子信息
2649,电子信息
2657,电子信息
300002,电子信息
300010,电子信息
300017,电子信息
300020,电子信息
300025,电子信息
300028,电子信息
300033,电子信息
300036,电子信息
300038,电子信息
300042,电子信息
300044,电子信息
300045,电子信息
300047,电子信息
300050,电子信息
300051,电子信息
300052,电子信息
300059,电子信息
300065,电子信息
300074,电子信息
300075,电子信息
300076,电子信息
300079,电子信息
300081,电子信息
300085,电子信息
300096,电子信息
300098,电子信息
300101,电子信息
300104,电子信息
300113,电子信息
300130,电子信息
300134,电子信息
300136,电子信息
300150,电子信息
300166,电子信息
300167,电子信息
300168,电子信息
300170,电子信息
300177,电子信息
300182,电子信息
300183,电子信息
300188,电子信息
300209,电子信息
300211,电子信息
300212,电子信息
300213,电子信息
300226,电子信息
300229,电子信息
300231,电子信息
300235,电子信息
300245,电子信息
300248,电子信息
300250,电子信息
300253,电子信息
300264,电子信息
300270,电子信息
300271,电子信息
300275,电子信息
300277,电子信息
300282,电子信息
300287,电子信息
300288,电子信息
300290,电子信息
300292,电子信息
300295,电子信息
300297,电子信息
300299,电子信息
300300,电子信息
300302,电子信息
300310,电子信息
300311,电子信息
300312,电子信息
300315,电子信息
300322,电子信息
300324,电子信息
300330,电子信息
300333,电子信息
300339,电子信息
300348,电子信息
300352,电子信息
300353,电子信息
300359,电子信息
300365,电子信息
300366,电子信息
300367,电子信息
300369,电子信息
300377,电子信息
300378,电子信息
300379,电子信息
300380,电子信息
300383,电子信息
300386,电子信息
300390,电子信息
300392,电子信息
300394,电子信息
300397,电子信息
300399,电子信息
300418,电子信息
300419,电子信息
300431,电子信息
300440,电子信息
300448,电子信息
300449,电子信息
600086,服装鞋类
600107,服装鞋类
600137,服装鞋类
600177,服装鞋类
600233,服装鞋类
600272,服装鞋类
600295,服装鞋类
600398,服装鞋类
600400,服装鞋类
600439,服装鞋类
600612,服装鞋类
600884,服装鞋类
601566,服装鞋类
601718,服装鞋类
603001,服装鞋类
603518,服装鞋类
603555,服装鞋类
603808,服装鞋类
2003,服装鞋类
2029,服装鞋类
2036,服装鞋类
2044,服装鞋类
2098,服装鞋类
2154,服装鞋类
2239,服装鞋类
2269,服装鞋类
2291,服装鞋类
2293,服装鞋类
2327,服装鞋类
2345,服装鞋类
2397,服装鞋类
2425,服装鞋类
2485,服装鞋类
2486,服装鞋类
2494,服装鞋类
2503,服装鞋类
2517,服装鞋类
2563,服装鞋类
2569,服装鞋类
2574,服装鞋类
2612,服装鞋类
2634,服装鞋类
2640,服装鞋类
2656,服装鞋类
2674,服装鞋类
2687,服装鞋类
2731,服装鞋类
2740,服装鞋类
300005,服装鞋类
600083,电子器件
600151,电子器件
600171,电子器件
600183,电子器件
600203,电子器件
600206,电子器件
600207,电子器件
600237,电子器件
600353,电子器件
600355,电子器件
600360,电子器件
600363,电子器件
600401,电子器件
600460,电子器件
600478,电子器件
600537,电子器件
600563,电子器件
600584,电子器件
600602,电子器件
600667,电子器件
600703,电子器件
600707,电子器件
600747,电子器件
600817,电子器件
600980,电子器件
601012,电子器件
601231,电子器件
601908,电子器件
603005,电子器件
603118,电子器件
603328,电子器件
603678,电子器件
20,电子器件
50,电子器件
58,电子器件
68,电子器件
413,电子器件
536,电子器件
636,电子器件
670,电子器件
725,电子器件
727,电子器件
733,电子器件
810,电子器件
823,电子器件
2025,电子器件
2045,电子器件
2049,电子器件
2055,电子器件
2056,电子器件
2057,电子器件
2079,电子器件
2104,电子器件
2106,电子器件
2119,电子器件
2129,电子器件
2134,电子器件
2137,电子器件
2138,电子器件
2139,电子器件
2141,电子器件
2156,电子器件
2179,电子器件
2185,电子器件
2188,电子器件
2189,电子器件
2199,电子器件
2217,电子器件
2218,电子器件
2222,电子器件
2241,电子器件
2273,电子器件
2288,电子器件
2289,电子器件
2371,电子器件
2388,电子器件
2389,电子器件
2402,电子器件
2426,电子器件
2436,电子器件
2449,电子器件
2456,电子器件
2463,电子器件
2475,电子器件
2484,电子器件
2504,电子器件
2506,电子器件
2512,电子器件
2579,电子器件
2587,电子器件
2600,电子器件
2618,电子器件
2636,电子器件
2638,电子器件
2654,电子器件
2655,电子器件
2724,电子器件
2729,电子器件
2745,电子器件
300014,电子器件
300029,电子器件
300032,电子器件
300046,电子器件
300053,电子器件
300077,电子器件
300078,电子器件
300083,电子器件
300088,电子器件
300102,电子器件
300111,电子器件
300114,电子器件
300115,电子器件
300118,电子器件
300127,电子器件
300128,电子器件
300131,电子器件
300139,电子器件
300154,电子器件
300155,电子器件
300162,电子器件
300184,电子器件
300205,电子器件
300207,电子器件
300215,电子器件
300219,电子器件
300220,电子器件
300223,电子器件
300224,电子器件
300227,电子器件
300232,电子器件
300241,电子器件
300242,电子器件
300256,电子器件
300269,电子器件
300279,电子器件
300296,电子器件
300301,电子器件
300303,电子器件
300317,电子器件
300319,电子器件
300323,电子器件
300327,电子器件
300331,电子器件
300340,电子器件
300342,电子器件
300346,电子器件
300351,电子器件
300373,电子器件
300389,电子器件
300408,电子器件
300414,电子器件
300433,电子器件
600011,电力行业
600021,电力行业
600023,电力行业
600027,电力行业
600098,电力行业
600101,电力行业
600110,电力行业
600116,电力行业
600131,电力行业
600236,电力行业
600310,电力行业
600396,电力行业
600452,电力行业
600483,电力行业
600505,电力行业
600509,电力行业
600578,电力行业
600642,电力行业
600644,电力行业
600674,电力行业
600726,电力行业
600744,电力行业
600769,电力行业
600780,电力行业
600795,电力行业
600863,电力行业
600864,电力行业
600868,电力行业
600869,电力行业
600886,电力行业
600900,电力行业
600969,电力行业
600979,电力行业
600995,电力行业
601016,电力行业
601991,电力行业
27,电力行业
37,电力行业
531,电力行业
539,电力行业
543,电力行业
600,电力行业
601,电力行业
602,电力行业
690,电力行业
720,电力行业
722,电力行业
767,电力行业
791,电力行业
862,电力行业
875,电力行业
883,电力行业
899,电力行业
939,电力行业
958,电力行业
966,电力行业
993,电力行业
1896,电力行业
2039,电力行业
2479,电力行业
2692,电力行业
300423,电力行业
600006,汽车制造
600066,汽车制造
600081,汽车制造
600093,汽车制造
600104,汽车制造
600148,汽车制造
600166,汽车制造
600178,汽车制造
600182,汽车制造
600213,汽车制造
600303,汽车制造
600335,汽车制造
600375,汽车制造
600418,汽车制造
600469,汽车制造
600480,汽车制造
600501,汽车制造
600523,汽车制造
600609,汽车制造
600623,汽车制造
600653,汽车制造
600660,汽车制造
600676,汽车制造
600686,汽车制造
600698,汽车制造
600699,汽车制造
600715,汽车制造
600741,汽车制造
600742,汽车制造
600760,汽车制造
600960,汽车制造
600991,汽车制造
601058,汽车制造
601238,汽车制造
601258,汽车制造
601633,汽车制造
601689,汽车制造
601799,汽车制造
601965,汽车制造
603006,汽车制造
603009,汽车制造
603158,汽车制造
603166,汽车制造
603306,汽车制造
603788,汽车制造
603997,汽车制造
25,汽车制造
30,汽车制造
338,汽车制造
550,汽车制造
559,汽车制造
572,汽车制造
581,汽车制造
589,汽车制造
599,汽车制造
622,汽车制造
625,汽车制造
700,汽车制造
710,汽车制造
753,汽车制造
757,汽车制造
760,汽车制造
800,汽车制造
868,汽车制造
927,汽车制造
951,汽车制造
957,汽车制造
2013,汽车制造
2031,汽车制造
2048,汽车制造
2085,汽车制造
2126,汽车制造
2190,汽车制造
2213,汽车制造
2265,汽车制造
2283,汽车制造
2284,汽车制造
2355,汽车制造
2363,汽车制造
2406,汽车制造
2434,汽车制造
2454,汽车制造
2488,汽车制造
2510,汽车制造
2536,汽车制造
2555,汽车制造
2590,汽车制造
2593,汽车制造
2594,汽车制造
2602,汽车制造
2607,汽车制造
2625,汽车制造
2662,汽车制造
2703,汽车制造
2708,汽车制造
2715,汽车制造
2725,汽车制造
300100,汽车制造
300176,汽车制造
300258,汽车制造
300304,汽车制造
300375,汽车制造
300432,汽车制造
600337,家具行业
600978,家具行业
603008,家具行业
603600,家具行业
603818,家具行业
603898,家具行业
910,家具行业
2084,家具行业
2120,家具行业
2240,家具行业
2259,家具行业
2489,家具行业
2572,家具行业
2631,家具行业
2718,家具行业
2751,家具行业
600096,农药化肥
600226,农药化肥
600227,农药化肥
600230,农药化肥
600389,农药化肥
600423,农药化肥
600426,农药化肥
600470,农药化肥
600486,农药化肥
600538,农药化肥
600596,农药化肥
600691,农药化肥
600727,农药化肥
600731,农药化肥
600796,农药化肥
600803,农药化肥
603599,农药化肥
155,农药化肥
422,农药化肥
525,农药化肥
553,农药化肥
578,农药化肥
731,农药化肥
792,农药化肥
830,农药化肥
902,农药化肥
912,农药化肥
950,农药化肥
953,农药化肥
2004,农药化肥
2018,农药化肥
2113,农药化肥
2170,农药化肥
2215,农药化肥
2258,农药化肥
2274,农药化肥
2391,农药化肥
2470,农药化肥
2496,农药化肥
2513,农药化肥
2538,农药化肥
2539,农药化肥
2588,农药化肥
2734,农药化肥
2749,农药化肥
300261,农药化肥
600054,酒店旅游
600138,酒店旅游
600258,酒店旅游
600358,酒店旅游
600555,酒店旅游
600593,酒店旅游
600640,酒店旅游
600706,酒店旅游
600749,酒店旅游
600754,酒店旅游
601007,酒店旅游
601888,酒店旅游
603099,酒店旅游
603199,酒店旅游
603869,酒店旅游
7,酒店旅游
33,酒店旅游
69,酒店旅游
428,酒店旅游
430,酒店旅游
524,酒店旅游
610,酒店旅游
613,酒店旅游
721,酒店旅游
802,酒店旅游
888,酒店旅游
978,酒店旅游
2033,酒店旅游
2059,酒店旅游
2159,酒店旅游
2186,酒店旅游
2306,酒店旅游
2558,酒店旅游
2707,酒店旅游
300144,酒店旅游
300178,酒店旅游
600217,水泥行业
600318,水泥行业
600425,水泥行业
600449,水泥行业
600539,水泥行业
600553,水泥行业
600585,水泥行业
600668,水泥行业
600678,水泥行业
600720,水泥行业
600801,水泥行业
600802,水泥行业
600881,水泥行业
600883,水泥行业
601992,水泥行业
401,水泥行业
546,水泥行业
672,水泥行业
789,水泥行业
877,水泥行业
885,水泥行业
935,水泥行业
2233,水泥行业
2302,水泥行业
2346,水泥行业
2619,水泥行业
600058,物资外贸
600120,物资外贸
600128,物资外贸
600153,物资外贸
600241,物资外贸
600247,物资外贸
600250,物资外贸
600278,物资外贸
600287,物资外贸
600382,物资外贸
600500,物资外贸
600605,物资外贸
600704,物资外贸
600739,物资外贸
600755,物资外贸
600822,物资外贸
600826,物资外贸
600981,物资外贸
151,物资外贸
626,物资外贸
2091,物资外贸
600099,摩托车
600877,摩托车
601777,摩托车
603766,摩托车
913,摩托车
1696,摩托车
600210,印刷包装
600836,印刷包装
600880,印刷包装
601515,印刷包装
603729,印刷包装
659,印刷包装
673,印刷包装
812,印刷包装
2117,印刷包装
2191,印刷包装
2228,印刷包装
2229,印刷包装
2374,印刷包装
2400,印刷包装
2599,印刷包装
2701,印刷包装
2752,印刷包装
300057,印刷包装
300058,印刷包装
300071,印刷包装
600060,家电行业
600261,家电行业
600336,家电行业
600690,家电行业
600839,家电行业
600854,家电行业
600870,家电行业
600983,家电行业
603366,家电行业
603519,家电行业
16,家电行业
100,家电行业
333,家电行业
418,家电行业
521,家电行业
527,家电行业
533,家电行业
541,家电行业
651,家电行业
921,家电行业
2005,家电行业
2032,家电行业
2035,家电行业
2076,家电行业
2242,家电行业
2260,家电行业
2290,家电行业
2403,家电行业
2429,家电行业
2473,家电行业
2508,家电行业
2543,家电行业
2668,家电行业
2677,家电行业
2681,家电行业
2705,家电行业
2723,家电行业